symbol,adv_inr,trades_per_session,mean_price,rank_median,rank_span,sessions_present
RELIANCE,15538448741.74993,208702.0,2548.642236478702,0.001771479185119575,0.00425155004428698,24
ICICIBANK,10665391222.987411,191890.0,799.1812014583677,0.004428697962798937,0.0044286979627989375,24
INFY,9491644423.387434,169078.0,1532.693878114167,0.0044286979627989375,0.014968999114260407,24
HDFCBANK,9037998882.149893,177833.0,1462.0598104631972,0.005314437555358724,0.005845881310894597,24
BAJFINANCE,9010606797.708284,87570.5,6868.207304664298,0.010186005314437554,0.01133746678476528,24
AXISBANK,8959100382.670904,172405.5,750.9379790398799,0.009743135518157663,0.01496899911426041,24
SBIN,7318140320.583253,172460.0,512.6946979665456,0.010186005314437554,0.007705934455270152,24
TCS,6860173287.712529,109929.5,3284.005953641188,0.013286093888396812,0.02267493356953056,24
MARUTI,6516751506.608338,67476.0,8527.635619359346,0.01550044286979628,0.023649247121346324,24
HDFC,6410636022.908338,119065.0,2374.973389058823,0.012843224092116919,0.011337466784765278,24
TATAMOTORS,6245357260.8541155,164278.5,427.8588496624902,0.013286093888396812,0.015766164747564218,24
ZOMATO,6212301761.02914,155380.5,62.901407608659014,0.01815766164747564,0.045881310894596995,24
TATASTEEL,6183322466.470799,172849.0,917.2561929287896,0.011071744906997343,0.01275465013286094,24
KOTAKBANK,5998909436.999988,115592.0,1825.0757427444696,0.01815766164747564,0.027192205491585474,24
TATAELXSI,5438119420.620834,51239.5,7967.544301350228,0.03941541186891054,0.06979627989371126,24
ADANIENT,5397146077.341666,55509.5,2460.4799376972924,0.023029229406554472,0.033215234720992026,24
ONGC,5259338471.058368,84266.5,147.1524406551103,0.041629760850310005,0.07050487156775907,24
ADANIPORTS,5116203499.783315,77744.0,786.4925744521759,0.02612931798051373,0.032329495128432244,24
BANKBARODA,4854559918.145868,99142.5,116.12848691878963,0.021257750221434897,0.030912311780336578,24
BHARTIARTL,4853053840.545844,109053.0,743.1787955925853,0.025686448184233837,0.02825509300265722,24
ASIANPAINT,4491636531.583276,85176.0,3114.408891468208,0.027015057573073514,0.04375553587245351,24
BAJAJFINSV,4433318393.758348,68261.0,12819.1040892096,0.019486271036315325,0.02311780336581045,24
TATAPOWER,4372774986.575016,130396.0,222.2172209655434,0.0283436669619132,0.04242692648361382,24
APOLLOHOSP,4179817873.970829,53436.5,4416.43767204803,0.049601417183348095,0.04038972542072631,24
HINDALCO,4036227374.016665,105343.5,431.5860692937998,0.022143489813994686,0.0320637732506643,24
ITC,3839938494.77503,117847.5,287.8415679796607,0.02745792736935341,0.015854738706820196,24
HINDUNILVR,3766456050.7250137,79177.0,2408.3774711148035,0.025243578387953942,0.030823737821080603,24
POWERGRID,3745429671.2416673,66177.0,215.92669906872453,0.03852967227635075,0.0520814880425155,24
INDUSINDBK,3691451184.9874916,75235.0,974.4305616695672,0.024357838795394153,0.012134632418069089,24
LT,3584009391.7625003,72185.5,1834.7334226922621,0.03542958370239149,0.02887511071744907,24
TITAN,3500897853.0624948,71866.0,2502.6731945318916,0.03232949512843224,0.047564216120460585,24
WIPRO,3304972435.049973,96319.5,418.9989482957002,0.03011514614703277,0.06244464127546502,24
JINDALSTEL,3249384608.4541764,56311.0,404.6703396413586,0.03808680248007086,0.057573073516386186,24
PNB,3234015417.5999885,47742.5,35.43002254212145,0.07661647475642161,0.1329495128432241,24
TECHM,3190668480.125011,71345.5,1063.8488141450207,0.03232949512843224,0.032949512843224095,24
M&M,3124094757.7416577,83849.5,1119.6420533645064,0.03454384410983171,0.026572187776793627,24
RBLBANK,2980098822.8250155,58303.0,122.57003165380466,0.054030115146147036,0.06519043401240035,24
HCLTECH,2955888968.512511,86210.5,1031.9301672368185,0.03277236492471214,0.03720106288751107,24
CANBK,2921122877.2999935,49393.0,230.10050583221923,0.049601417183348095,0.07546501328609388,24
VEDL,2869085906.6208425,75457.0,305.3665010401862,0.03852967227635075,0.03365810451727193,24
PAYTM,2784631436.9541783,68512.5,650.6619652841284,0.05491585473870682,0.12329495128432241,24
ADANIGREEN,2751748271.129181,55743.5,2055.3522396001017,0.04561558901682905,0.0475642161204606,24
ULTRACEMCO,2652887826.6333594,44947.5,6531.228393528601,0.045172719220549155,0.025243578387953942,24
BANDHANBNK,2627914726.8666425,60034.0,281.5813706572017,0.05004428697962799,0.043401240035429584,24
ZEEL,2621659839.1625004,61508.0,255.40640833770158,0.04472984942426926,0.04827280779450842,24
AMBUJACEM,2581724373.2375093,54213.0,376.5870694058689,0.05535872453498671,0.0921169176262179,24
NTPC,2540357668.962508,68498.0,153.578424867073,0.04782993799822852,0.07156775907883083,24
SUNPHARMA,2354161007.954124,63096.5,910.907420382065,0.048715677590788306,0.03897254207263064,24
DIVISLAB,2313475713.420854,47778.5,3653.8461423695835,0.0633303808680248,0.10008857395925598,24
HDFCLIFE,2269416952.0250015,85242.0,546.9610975304142,0.050487156775907885,0.06607617360496014,24
HEROMOTOCO,2222837775.3083444,42436.5,2686.607621731874,0.061558901682905225,0.11089459698848539,24
JSWSTEEL,2152862234.3749943,47974.5,636.6740350068666,0.05447298494242693,0.04738706820194862,24
SRF,2095574718.4333315,38716.5,2395.921026796475,0.09255978742249779,0.09433126660761736,24
DLF,2074041544.3541708,46100.5,370.8991722124699,0.06687333923826395,0.058547387068201964,24
SAIL,2054059692.4542046,45057.0,80.14909991469281,0.06421612046058459,0.06740478299379983,24
IRCTC,2041991703.8749988,56418.0,719.5084755291629,0.07085916740478299,0.08476527900797166,24
CIPLA,1998356718.420832,69566.5,1006.9684738923313,0.057130203720106285,0.05376439326837909,24
EICHERMOT,1997605838.370836,41030.0,2961.80633332631,0.05358724534986714,0.041806908768821975,24
MCDOWELL-N,1928897464.7708395,49737.0,860.0526638501246,0.06687333923826395,0.12595217006200177,24
YESBANK,1918731403.2791173,58045.5,14.146509343514156,0.0983170947741364,0.11815766164747565,24
BHEL,1906055961.2916687,37078.5,52.88577416808373,0.08635961027457928,0.0808680248007086,24
KPITTECH,1906013567.5791533,65022.0,586.6882910918787,0.0912311780336581,0.13197519929140833,24
IOC,1902185722.762496,57212.5,92.02451409776978,0.10230292294065545,0.08494242692648361,24
RIIL,1901547992.0874689,22711.0,950.8781041162499,0.1262178919397697,0.18671390611160318,24
IDFCFIRSTB,1831825575.2125103,43587.0,44.42135003176388,0.08635961027457928,0.13666961913197523,24
DRREDDY,1771468546.0416803,39350.0,4294.204819048966,0.05978742249778565,0.05296722763507528,24
ASHOKLEY,1758545378.2208302,68087.5,144.6130157574379,0.07085916740478299,0.06492471213463241,24
NAUKRI,1690191935.474995,40704.0,3913.5154252406755,0.06554472984942426,0.056953055801594335,24
IBULHSGFIN,1672673139.20833,49427.0,129.25538723513608,0.06598759964570416,0.03826395039858282,24
COALINDIA,1666448202.466666,62798.0,195.78569400526553,0.06775907883082374,0.07440212577502214,24
JUBLFOOD,1664838049.8125002,45517.0,565.86040781115,0.06864481842338352,0.059610274579273696,24
RCF,1638334189.9541728,27221.5,93.69682678548608,0.15677590788308238,0.3049601417183348,24
GRASIM,1633870387.6916707,37018.5,1676.9961356381627,0.08680248007085917,0.0858281665190434,24
IEX,1622313391.9166667,63159.0,160.21091844975035,0.0912311780336581,0.12329495128432241,24
BEL,1612356864.4333365,56259.5,206.15735133406076,0.07351638618246235,0.058990256864481845,24
HAL,1608514254.6666746,35559.0,1855.3000106377826,0.0633303808680248,0.09193976970770593,24
AUBANK,1588870577.0124805,46762.5,657.1009481995097,0.09743135518157661,0.14455270150575733,24
LIQUIDBEES,1566160659.8574955,5506.0,1000.0001109339352,0.06421612046058459,0.03968113374667847,24
FEDERALBNK,1551107100.20416,37257.5,103.84102504723998,0.0779450841452613,0.08148804251550044,24
GNFC,1543878303.1500015,34160.0,620.8465996567181,0.09255978742249779,0.10106288751107174,24
PVR,1504635268.6458302,35856.5,1748.391726985572,0.0775022143489814,0.055270150575730745,24
INDHOTEL,1496060356.5750008,42026.0,251.35218949158383,0.07883082373782108,0.062533215234721,24
SBILIFE,1494875084.5333374,52741.5,1182.3003622680947,0.08237378210806023,0.06811337466784766,24
MPHASIS,1489364669.099993,36800.5,2278.0111221795496,0.07838795394154119,0.07263064658990258,24
NYKAA,1462540670.0416515,30451.0,1379.7751859599407,0.1421612046058459,0.14933569530558016,24
INDIGO,1428233003.3458335,28641.0,1853.4595621054996,0.08547387068201949,0.03463241806908769,24
PEL,1425560353.1499991,31806.5,1815.0867066850851,0.10584588131089459,0.12728077945084146,24
UPL,1415875312.3125064,51831.5,741.1356781119994,0.08104517271922054,0.08024800708591676,24
TATACONSUM,1400244431.0666852,41991.0,771.0890269646416,0.10097431355181577,0.06687333923826395,24
DELTACORP,1389466987.9541602,30836.5,219.63279678599065,0.10363153232949512,0.07130203720106287,24
IDEA,1339384554.0625534,110149.0,8.987565632402363,0.10318866253321524,0.1140832595217006,24
VBL,1336762690.7666688,45756.5,1016.4744901223432,0.09255978742249779,0.19273693534100977,24
TVSMOTOR,1333214074.5208395,38691.5,837.2912731760858,0.08857395925597875,0.06324180690876882,24
BAJAJ-AUTO,1327073393.683331,30067.0,3683.2524791983324,0.09300265721877768,0.06926483613817538,24
NATIONALUM,1318931466.1624973,33326.0,79.29443648305124,0.1067316209034544,0.07679362267493356,24
DMART,1298737235.3750017,29597.5,4023.4865739197467,0.08724534986713905,0.08866253321523473,24
DEEPAKNTR,1298049691.066694,26311.0,2042.914262943687,0.09255978742249779,0.10265721877767937,24
NMDC,1284282586.0458353,32420.5,122.73801268522334,0.09698848538529672,0.12807794508414527,24
GAIL,1283738852.92501,49798.5,138.4796111512367,0.0845881310894597,0.05925597874224979,24
CHOLAFIN,1264103401.104176,45429.0,716.5672887464061,0.08945969884853852,0.0845881310894597,24
SBICARD,1241123112.5291708,40367.5,830.4400706739119,0.09477413640389726,0.08414526129317978,24
PIDILITIND,1236393693.7916696,28930.0,2507.816067677521,0.12400354295837024,0.13206377325066432,24
PERSISTENT,1219989477.0833375,30992.5,3770.2970514010067,0.0983170947741364,0.08494242692648363,24
BALRAMCHIN,1205674755.487496,27393.5,370.1131831846425,0.1271036315323295,0.13640389725420726,24
NESTLEIND,1200659773.8166697,18271.0,18575.725433156196,0.09565987599645703,0.0688219663418955,24
CONCOR,1190473943.8666668,35247.0,664.3240796863424,0.14127546501328608,0.12976085031000886,24
DIXON,1165274665.2125,25248.5,4247.102958700929,0.09300265721877768,0.10611160318866253,24
ACC,1135694078.5375047,28068.5,2231.8766824733407,0.11116031886625333,0.10850310008857397,24
GODREJPROP,1131194359.9416568,25113.5,1307.9180859153237,0.12311780336581046,0.11806908768821966,24
POONAWALLA,1129926970.8958385,31371.5,280.98009419560856,0.10363153232949512,0.09043401240035429,24
BPCL,1115645317.9624968,47245.0,326.4068322023287,0.10008857395925598,0.046855624446412766,24
VOLTAS,1076639692.6916726,27901.0,981.4606167560955,0.11824623560673161,0.07776793622674934,24
MCX,1063632653.7291628,20091.0,1375.572956140049,0.17980513728963685,0.1998228520814881,24
INDIACEM,1062062166.0958352,18156.0,210.44824912817268,0.16519043401240036,0.13702391496899913,24
LTTS,1053511912.6208361,19526.5,3694.6980266991623,0.10806023029229406,0.06474756421612048,24
SHREECEM,1047386342.3041695,10152.0,22337.034391743844,0.13241806908768822,0.11496899911426042,24
TATACHEM,1042680038.7041641,27556.5,947.5803224197433,0.11514614703277237,0.104162976085031,24
RAYMOND,1031863066.0250078,20363.0,921.6989007071934,0.17803365810451727,0.2271036315323295,24
LAURUSLABS,1029151765.8541652,19295.5,505.44733725628384,0.14127546501328608,0.15314437555358723,24
COFORGE,1026712004.2666703,23885.5,3872.2858484286644,0.1133746678476528,0.06855624446412753,24
IGL,1023623138.4625014,32835.5,386.7865969793586,0.12223206377325066,0.10859167404782996,24
BRITANNIA,1014421874.25,27890.5,3581.1595825097315,0.10363153232949512,0.049601417183348095,24
HAVELLS,1007092050.3249995,29431.0,1212.3275050621573,0.10141718334809566,0.09725420726306468,24
TANLA,988979167.92916,17836.5,882.6104456271271,0.22719220549158547,0.1804251550044287,24
ESCORTS,973966743.1208363,18363.0,1803.605173133591,0.12843224092116917,0.13489813994685562,24
PAGEIND,969981268.7500029,9118.5,45191.811144502164,0.10850310008857396,0.0778565101860053,24
MUTHOOTFIN,959469449.5291716,31042.5,1067.111830662423,0.1054030115146147,0.06333038086802478,24
INDIAMART,955834998.3666664,15152.5,4355.9517907074005,0.1536758193091231,0.10673162090345438,24
GODREJCP,936057866.2166675,33929.0,829.7412564981212,0.1275465013286094,0.09477413640389726,24
SIEMENS,935557760.0541649,19318.0,2558.715151021531,0.15544729849424269,0.14774136403897253,24
LICHSGFIN,931044747.8791698,28738.5,373.65923798266385,0.10451727192205491,0.06961913197519931,24
HINDPETRO,923832101.5166717,34986.5,233.8957104404408,0.13596102745792737,0.08441098317094775,24
BHARATFORG,907987548.045834,34312.0,716.0241132989149,0.1262178919397697,0.07971656333038088,24
UNIONBANK,905149714.4208406,16100.5,41.29635283339287,0.20947741364038971,0.19840566873339238,24
EASEMYTRIP,901579724.8500167,20882.5,393.53459892479964,0.20992028343666963,0.22046058458813106,24
TV18BRDCST,890565127.8874923,22543.5,39.175918327646684,0.17316209034543845,0.24809565987599644,24
AUROPHARMA,889296749.9333342,25006.5,530.5847418843496,0.14526129317980513,0.10265721877767939,24
CHAMBLFERT,866250011.6083328,29346.0,326.91591878216315,0.1262178919397697,0.09982285208148804,24
BSOFT,866171249.7791704,32089.0,336.3658519339955,0.12046058458813108,0.11142604074402127,24
RENUKA,863480174.5583299,21053.5,47.40548633189218,0.15279007971656333,0.20611160318866256,24
GLAND,852071937.4333361,20676.5,2528.9054792831894,0.1328609388839681,0.1437555358724535,24
LALPATHLAB,849543710.8833337,22237.0,2554.0311680812492,0.12887511071744906,0.11806908768821968,24
IBREALEST,848288613.8625007,24909.5,80.96444998539644,0.16031886625332153,0.13897254207263063,24
LUPIN,832769834.4791673,29917.5,703.3694696907377,0.11780336581045173,0.09760850310008859,24
DABUR,827492941.591663,36073.0,547.3378125011585,0.12533215234720993,0.03312666076173605,24
BDL,819349272.4958345,30515.0,743.7631069432196,0.1355181576616475,0.26492471213463253,24
TRENT,809230333.4916649,24961.5,1259.6625584058906,0.133303808680248,0.12409211691762623,24
ICICIPRULI,802167260.5375003,29380.5,510.1332233728757,0.14304694419840566,0.12984942426926482,24
ICICIGI,801880761.2958347,28936.5,1234.686728892353,0.13020372010628875,0.06279893711248893,24
CANFINHOME,794857945.1250024,21717.5,543.5806426205377,0.1961913197519929,0.15013286093888395,24
ABB,765135166.0166683,24385.0,2578.4759162243176,0.13773250664304695,0.15225863596102748,24
HDFCAMC,757930358.4916679,23641.5,2097.6900024913393,0.12311780336581045,0.09725420726306466,24
METROPOLIS,742976109.5624957,15872.0,1569.7843486850898,0.20283436669619131,0.15358724534986712,24
BSE,741130126.2416669,20521.5,647.9761688942369,0.18024800708591673,0.19061116031886632,24
POLYCAB,731618462.0791675,16951.5,2480.5679939228958,0.15146147032772364,0.09034543844109832,24
TIINDIA,730427490.6375021,22361.0,1958.4357211807724,0.1762621789193977,0.229140832595217,24
MRF,730305830.187501,4991.5,77392.34312849198,0.14304694419840566,0.08201948627103631,24
MARICO,728717146.2791643,31618.5,514.4251426067483,0.13861824623560673,0.07750221434898141,24
ANGELONE,717869725.3958334,20575.5,1349.7121981021114,0.1488042515500443,0.11736049601417184,24
PIIND,717709598.3749996,25888.0,2907.4875485452167,0.13463241806908768,0.07838795394154119,24
BATAINDIA,716294835.4666715,16407.0,1808.9879883647864,0.13684676705048715,0.08813108945969886,24
COROMANDEL,715748379.7791654,27549.0,915.8459787670994,0.1691762621789194,0.23649247121346328,24
INDUSTOWER,704570061.9624985,28278.5,202.64194716184295,0.154118689105403,0.11682905225863598,24
OBEROIRLTY,697148101.7666684,19022.0,886.0995241400526,0.14570416297608502,0.12108060230292293,24
ASTRAL,693488635.4583329,25716.5,1986.7598619136297,0.15279007971656333,0.11151461470327724,24
SUZLON,692335943.6166431,33040.5,8.910612659861542,0.15190434012400356,0.14862710363153236,24
TATACOMM,688874265.1208327,17882.5,1161.315011687449,0.14393268379096547,0.1558015943312666,24
BIOCON,674924345.150001,26127.0,316.05171192870716,0.15146147032772367,0.0967227635075288,24
CROMPTON,672479373.0375024,27086.0,374.8744774625876,0.18334809565987598,0.15217006200177152,24
CUMMINSIND,669518269.7333328,23824.5,1146.762999790431,0.14348981399468558,0.1149689991142604,24
APOLLOTYRE,658084511.7000014,22415.0,212.84263342929097,0.15057573073516384,0.07652790079716565,24
SUNTV,653249967.0208343,15663.0,486.1774211096944,0.1953055801594331,0.1759078830823738,24
UBL,651464792.2458383,19813.0,1573.128531514712,0.19264836138175379,0.16173604960141716,24
BALKRISIND,649094323.4583344,23279.5,2109.7120646568264,0.1669619131975199,0.1696191319751993,24
JAICORPLTD,643776500.5333335,15997.5,128.30561240733115,0.24402125775022143,0.2407440212577502,24
M&MFIN,634144314.5583348,20645.5,181.51277933060476,0.16829052258635963,0.11842338352524355,24
RHIM,626819095.8292555,14209.5,590.7207156705263,0.31222320637732504,0.2764393268379096,24
SONACOMS,612441581.4541653,27222.0,545.9849788705734,0.20637732506643047,0.14526129317980513,24
TEJASNET,611209961.8208376,15378.5,481.7929155221128,0.24047829937998227,0.3103631532329495,24
BOSCHLTD,596378223.179168,7872.0,15902.964971751404,0.19929140832595216,0.20682019486271036,24
HFCL,593246969.1208338,22216.0,73.29113992795331,0.16740478299379982,0.07874224977856512,24
PFC,591965776.0083352,18498.5,115.86222766816032,0.15146147032772364,0.07688219663418952,24
HSCL,584430042.5624995,16035.0,77.72747714735411,0.20859167404782994,0.11257750221434895,24
ABFRL,584004945.5083336,18227.0,284.94529375539526,0.16696191319751993,0.049689991142604084,24
TATACOFFEE,580329937.741667,6954.5,217.51322600021848,0.31709477413640386,0.3154118689105403,24
RAMCOCEM,572652971.8166668,17711.5,723.1618979538603,0.1877767936226749,0.15969884853852964,24
MFSL,564027302.8374931,21037.0,753.0457130853199,0.19176262178919398,0.11488042515500442,24
GMDCLTD,562944728.0125016,20264.5,141.675691050127,0.22364924712134632,0.3486271036315324,24
NAVINFLUOR,560083490.8833339,11475.5,4067.1950021777247,0.16563330380868024,0.07528786536758195,24
L&TFH,555784447.4124997,19151.0,73.94050932313965,0.17936226749335693,0.09813994685562444,24
TORNTPHARM,548681393.7500011,14029.5,2123.4909000079174,0.20770593445527014,0.1242692648361382,24
GSFC,540413103.8916656,18189.5,137.5647831552319,0.2085916740478299,0.220992028343667,24
POLICYBZR,538568604.4624981,28462.5,549.9550782478761,0.1824623560673162,0.14942426926483615,24
ROUTE,528602523.4458335,19861.0,1353.8118441669794,0.18644818423383525,0.2097431355181577,24
BOMDYEING,528369559.1624964,16790.0,98.5915263391457,0.24224977856510185,0.20921169176262178,24
AFFLE,521101028.0166671,19916.5,1200.71669774177,0.22320637732506643,0.17989371124889278,24
GUJGASLTD,520622700.1750004,22590.0,508.7292309587634,0.15987599645704165,0.09548272807794511,24
TATAMTRDVR,520135234.59583193,16677.5,216.67154447225562,0.1975199291408326,0.07139061116031886,24
BERGEPAINT,517452802.2083314,24352.5,620.7785175601475,0.17936226749335696,0.10531443755535871,24
MAXHEALTH,515009887.76250035,22772.5,378.61858320287695,0.20637732506643047,0.21443755535872455,24
DEEPAKFERT,512775261.8583347,18679.5,657.0835167280991,0.22896368467670505,0.19335695305580164,24
AMARAJABAT,510376727.5333324,14723.0,525.4494051753502,0.21567759078830823,0.11089459698848539,24
CDSL,496859516.75833124,24153.5,1226.3779515844806,0.18423383525243578,0.10850310008857397,24
MGL,491593327.64999986,20349.0,820.6738929413399,0.21169176262178918,0.18423383525243583,24
MANAPPURAM,490744393.19166607,21557.5,107.82197696224353,0.19309123117803367,0.07245349867139059,24
RECLTD,483617134.96666867,19757.5,118.39478015076824,0.17759078830823738,0.1341009743135518,24
AARTIIND,483048524.7875019,20653.5,767.8580150190223,0.16829052258635963,0.08954827280779451,24
NIFTYBEES,479918312.80583566,22212.5,185.36275991524624,0.174933569530558,0.09406554472984943,24
COLPAL,470654283.22916883,19356.0,1564.4943466624904,0.195748449955713,0.09388839681133745,24
IDFC,442871851.3666663,13905.5,61.4490631526368,0.1824623560673162,0.0903454384410983,24
OIL,439005367.2624981,20415.5,215.96232932307714,0.24136403897254205,0.19105403011514616,24
JKPAPER,435352580.9458346,22382.0,349.6291874264597,0.1913197519929141,0.2337466784765279,24
ATUL,434726273.0041676,5956.0,8758.135271877632,0.20947741364038974,0.17838795394154122,24
DEVYANI,430353831.6666723,25393.5,171.9017508437035,0.2054915854738707,0.1450841452612932,24
SHARDACROP,429227001.23332596,8677.0,524.8143260772799,0.33436669619131976,0.3185119574844995,24
GUJALKALI,424501065.25833374,12683.0,800.009726784515,0.2577502214348981,0.2264836138175377,24
ABCAPITAL,424335602.5666649,18257.5,109.82407289065264,0.2183348095659876,0.04233835252435783,24
INDIANB,416992673.14583284,15085.5,167.6899281631962,0.22763507528786536,0.26616474756421615,24
HINDCOPPER,412241203.212498,15947.0,110.22879131292152,0.21036315323294952,0.08157661647475642,24
GRANULES,403325682.62916636,13094.0,303.97242275810356,0.19486271036315322,0.17147918511957483,24
NHPC,399412747.40416795,15478.5,33.18369426827509,0.2555358724534987,0.20389725420726307,24
IRB,395108051.1916669,12600.5,234.99535988185403,0.22896368467670503,0.17874224977856515,24
STARHEALTH,394419848.2750029,13097.0,704.7834473971881,0.3281665190434012,0.3142604074402126,24
IDBI,391844167.1541672,16616.5,44.30229813972045,0.20992028343666963,0.13782108060230294,24
ABBOTINDIA,388404995.0916662,5478.5,18356.480889847742,0.20947741364038974,0.10212577502214348,24
EXIDEIND,384838911.67499876,23201.5,155.7206193399481,0.2263064658990257,0.13844109831709475,24
IPCALAB,383155601.833332,17477.0,934.2823897657956,0.20194862710363154,0.11682905225863599,24
CGPOWER,380492793.1749988,19623.5,211.0536226344832,0.20239149689991143,0.09247121346324183,24
LODHA,379904726.0791667,13025.5,1063.2470418087787,0.21700620017714792,0.16696191319751993,24
NLCINDIA,379562968.28332955,17364.5,70.451830923904,0.23117803365810452,0.2213463241806909,24
PETRONET,379069865.9833334,20051.0,209.0981043113153,0.20770593445527014,0.09548272807794508,24
FSL,377506142.0874963,17989.5,106.38060631514192,0.19929140832595216,0.13897254207263066,24
SHOPERSTOP,375020085.6458435,6876.5,538.6888280222199,0.41319751992914083,0.2594331266607618,24
CUB,374277331.675,17032.5,151.90508450725065,0.20770593445527014,0.14207263064658987,24
REDINGTON,374269650.9499943,18910.0,147.66506692783372,0.21612046058458811,0.13604960141718334,24
GREAVESCOT,371911482.17083234,14331.5,154.39330277153212,0.2807794508414526,0.26147032772364925,24
JPPOWER,371802912.9456885,19466.0,7.409006874171511,0.2395925597874225,0.22046058458813106,24
LEMONTREE,369808648.24166375,19129.0,66.71668293079668,0.26616474756421615,0.22382639503985827,24
DHANI,367333767.89583915,12136.0,53.26704444884784,0.30868024800708593,0.2386182462356068,24
NBCC,364245185.612503,9384.0,35.34573613222129,0.2945084145261293,0.2492471213463242,24
APLAPOLLO,360733329.17082936,16557.0,972.7417791247692,0.23339238263950396,0.1170947741364039,24
GLENMARK,360516850.7249997,14534.5,412.34547381321477,0.20770593445527014,0.12010628875110721,24
PHOENIXLTD,357024861.6374976,19515.0,1208.3044089165578,0.2183348095659876,0.20690876882196635,24
CAMS,350890645.6708345,14096.5,2340.6952337231855,0.22187776793622677,0.15447298494242695,24
HINDZINC,345320382.20416677,12377.5,304.7126239100331,0.2883082373782108,0.20132860938883967,24
POLYPLEX,341730263.96666753,13993.5,2114.4390704121283,0.23604960141718334,0.17493356953055803,24
PRAJIND,341611409.11249983,19290.5,383.88071352581,0.20682019486271036,0.12648361381753764,24
DALBHARAT,341476915.85416704,11700.5,1551.6048066339015,0.22320637732506643,0.116563330380868,24
BAJAJHLDNG,340778328.7541667,10373.5,5309.2646923163065,0.22719220549158547,0.23932683790965456,24
IIFL,338508235.479166,9013.5,342.11062078553005,0.27723649247121346,0.225066430469442,24
SCHAEFFLER,330911175.48333263,12235.0,2648.827575579468,0.2550930026572188,0.17936226749335693,24
RAIN,326248097.62500083,13402.0,167.8054247017244,0.24844995571302037,0.11877767936226749,24
SYNGENE,316023631.8041667,12028.0,577.1653613133549,0.2736935341009743,0.2301151461470328,24
KEI,314087485.4833335,13004.5,1207.434451555173,0.2701505757307352,0.16527900797165632,24
GMRINFRA,312710129.920838,38546.0,36.9789767555801,0.23649247121346323,0.08892825509300267,24
ELGIEQUIP,311207668.5124977,17444.5,372.2180375320986,0.28520814880425155,0.28015943312666075,24
WHIRLPOOL,309979967.36666757,9249.0,1596.7527040302275,0.26350752878653677,0.21709477413640388,24
JKCEMENT,304842880.57500035,9565.5,2618.4143330523875,0.23737821080602303,0.17139061116031887,24
RADICO,298958262.16666734,12283.5,977.7402500090395,0.26616474756421615,0.1492471213463242,24
GSPL,293206754.2749998,13403.0,249.46706545766938,0.2896368467670505,0.17785651018600532,24
NAZARA,291633656.3333325,10484.0,678.7797769008421,0.3002657218777679,0.2472984942426926,24
TORNTPOWER,280397909.9333337,13418.0,496.83017408461325,0.23117803365810452,0.16899911426040745,24
VTL,276100226.2375,11594.5,335.1557525689364,0.29140832595217003,0.24561558901682906,24
DAAWAT,275301409.76249945,9631.0,92.10253284402529,0.34455270150575734,0.3261293179805138,24
OFSS,273309713.495833,8870.0,3122.56822752865,0.23604960141718334,0.22205491585473872,24
AAVAS,272444766.60416645,14635.0,2218.627695753248,0.2652790079716564,0.3227635075287866,24
NETWORK18,270609655.84999907,6670.5,70.98368521833635,0.39326837909654566,0.24136403897254205,24
SOBHA,270399075.97500104,10205.5,650.2570007018811,0.2763507528786537,0.3221434898139947,24
EIDPARRY,264861716.62916693,16671.0,528.1606502263321,0.24977856510186008,0.14588131089459697,24
LATENTVIEW,264444963.55000147,17297.5,376.35053372627215,0.25332152347209924,0.2158547387068202,24
ALKEM,263363984.266667,8336.0,3112.7514517965774,0.24224977856510185,0.16067316209034546,24
LINDEINDIA,262266895.67083374,9655.0,3206.2027544203,0.2781222320637733,0.2613817537643933,24
MASTEK,262089959.27500153,11394.5,2080.406437676196,0.28476527900797166,0.1592559787422498,24
INOXLEISUR,261891200.42499968,15445.5,502.855638529074,0.2759078830823738,0.22143489813994688,24
FORTIS,261270023.04166594,15256.5,267.6685488835747,0.275022143489814,0.18060230292294066,24
ALLCARGO,257225486.27083382,11991.5,345.6484556022928,0.312666076173605,0.26979627989371124,24
KARURVYSYA,256629459.30833253,12230.5,53.61345183485714,0.3024800708591674,0.3031000885739593,24
WELCORP,256023839.27500048,12438.5,217.0705828230133,0.266607617360496,0.22701505757307355,24
INTELLECT,252467848.64583293,11290.5,624.3015275889429,0.2785651018600531,0.09725420726306463,24
GHCL,250175887.35416678,10625.5,587.9349772254834,0.28520814880425155,0.26324180690876886,24
VIPIND,247234258.64166555,10845.0,667.1626126093577,0.3232949512843224,0.29220549158547393,24
BANKBEES,240760228.74166682,8709.0,377.9558584389092,0.25730735163861823,0.09991142604074402,24
CLEAN,238774437.65000024,9211.5,1728.5443318176967,0.33170947741364043,0.1837023914968999,24
STAR,238583265.06250024,10931.5,335.6913903709783,0.29849424269264835,0.23038086802480073,24
GLOBUSSPR,233175221.48749983,8083.0,976.7258770755675,0.32063773250664307,0.2829937998228521,24
LXCHEM,230297690.3541677,16618.5,332.5149414490286,0.2736935341009743,0.13418954827280782,24
HBLPOWER,229797430.65833333,12946.0,84.76864016923744,0.24357838795394154,0.20859167404782994,24
AEGISCHEM,229771412.74583268,17042.5,240.58134568704787,0.3303808680248007,0.2512843224092117,24
KPRMILL,228818000.49583438,14603.5,567.5851140911365,0.2843224092116918,0.1790079716563331,24
SCI,227426714.26666692,9201.0,117.05592585869981,0.32639503985828167,0.2972542072630647,24
PRESTIGE,225796907.59999958,9247.0,449.9562906334496,0.2967227635075288,0.28210806023029233,24
ENDURANCE,225756585.61250058,8077.5,1390.8437381634585,0.35031000885739594,0.31877767936226753,24
POWERINDIA,223940298.63333347,6509.0,3219.9504706324487,0.3184233835252436,0.2564216120460585,24
UJJIVAN,223834550.99166653,9258.0,159.70749841063355,0.35031000885739594,0.30841452612931797,24
NCC,222692953.38333336,12918.0,68.78278390732822,0.25730735163861823,0.12790079716563332,24
NAM-INDIA,220344453.9375007,9189.5,276.2163292571735,0.2962798937112489,0.27342781222320633,24
MTARTECH,219680763.90833342,11486.5,1597.7322079602225,0.31222320637732504,0.14384410983170948,24
SUPREMEIND,217067127.9666672,10919.5,2020.0402196302407,0.271036315323295,0.2536758193091231,24
DWARKESH,214195536.10000053,13374.5,99.45566115692867,0.2763507528786537,0.2720992028343667,24
BORORENEW,212433419.7208333,11327.5,583.5693967993973,0.29805137289636846,0.12719220549158547,24
SKFINDIA,209370286.84999958,7250.5,3916.7699649090737,0.32373782108060234,0.3072630646589902,24
JAMNAAUTO,209087910.37083277,7826.5,111.60290329709042,0.4402125775022144,0.2943312666076173,24
ZENSARTECH,208506298.77500036,12495.5,258.98409382944624,0.32063773250664307,0.20832595217006203,24
LUXIND,206948159.40834668,5684.5,1844.5803442375304,0.41275465013286095,0.18308237378210807,24
BBTC,203503858.73750126,4484.0,923.2325121979179,0.48538529672276354,0.33852967227635067,24
STLTECH,200323785.93749967,9906.5,171.27763246594537,0.33348095659876,0.18892825509300265,24
AMBER,199336563.97083357,12139.5,2365.996809649062,0.2829937998228521,0.15854738706820196,24
HEG,196306758.0000001,9782.5,1081.9448622444443,0.3002657218777679,0.17502214348981399,24
HONAUT,193773126.02916667,2230.5,40366.27879414815,0.28033658104517273,0.10531443755535874,24
GRAPHITE,192274027.81249997,8727.0,402.7643918632167,0.32683790965456155,0.17360496014171833,24
FCL,191575232.88333216,10595.5,210.7687989689793,0.31310894596988487,0.21346324180690876,24
EDELWEISS,188624711.995831,6969.5,59.91500172368797,0.47741364038972545,0.28060230292294064,24
BALAMINES,187868657.17500028,9339.0,3025.7229875722487,0.27059344552701503,0.22630646589902575,24
RELAXO,186453556.96666685,10113.5,985.623923645391,0.34145261293179807,0.23091231178033658,24
DATAPATTNS,185591514.97083315,11704.5,787.1657671390734,0.3002657218777679,0.195925597874225,24
JUBLINGREA,184891234.7125001,9460.0,501.64817697135373,0.29317980513728964,0.14366696191319758,24
WOCKPHARMA,184115129.06666732,10586.0,249.88417406606612,0.3259521700620018,0.21886625332152346,24
KAJARIACER,182709223.9749998,12167.5,1093.9679489281784,0.3281665190434012,0.2602302922940655,24
CESC,182488580.7875005,16321.0,77.36760156947847,0.3339238263950398,0.21204605845881314,24
SUNTECK,181195106.80833367,11566.5,447.64557142016287,0.3060230292294066,0.21293179805137288,24
FINEORG,177196081.20416686,6270.5,5010.42098435715,0.3117803365810452,0.2279893711248893,24
TRIVENI,176839245.0291665,15560.0,267.6421869332863,0.295837023914969,0.20442869796279894,24
KRBL,170626873.25833377,9616.0,246.21773710115826,0.3299379982285208,0.23728963684676704,24
JKTYRE,170273852.3125,13455.0,134.12888306811607,0.3418954827280779,0.19105403011514618,24
GRINDWELL,169067185.34999973,7007.0,1811.3607232424818,0.33348095659876,0.24667847652790084,24
MIRZAINT,168981012.2291666,13636.0,238.7515117579925,0.3073516386182462,0.16908768821966344,24
COFFEEDAY,168243235.0916672,6345.5,50.10169989798598,0.4424269264836138,0.2524357838795394,24
EMAMILTD,166050585.0666673,12244.0,469.5147736167745,0.3773250664304695,0.2216120460584588,24
VAKRANGEE,164201556.083333,10895.0,30.796660333419183,0.38396811337466785,0.2523472099202835,24
QUESS,162912129.62499937,10842.0,615.7886800121902,0.4481842338352524,0.31266607617360487,24
UTIAMC,162342292.729168,7923.5,776.3708920841407,0.34012400354295835,0.2853852967227636,24
SEQUENT,162003037.96666583,11455.0,117.88259632530401,0.34145261293179807,0.3485385296722764,24
TIMKEN,156970064.0291662,7119.0,2665.5307684973072,0.37643932683790965,0.22993799822852082,24
GREENPANEL,156578825.0458333,13448.0,442.3194586780751,0.31576616474756425,0.25544729849424264,24
MINDACORP,156544306.2791672,14302.0,204.7573648869532,0.3303808680248007,0.33082373782108065,24
JSL,154871409.3083332,10955.5,157.31512426677847,0.31443755535872453,0.16864481842338352,24
TIMETECHNO,153467812.41666642,10676.0,95.431625817102,0.29406554472984947,0.2561558901682905,24
USHAMART,153452108.9874998,5272.0,129.5544591692702,0.42294065544729853,0.3281665190434012,24
MMTC,153345686.27083427,10215.0,40.2700184481622,0.35031000885739594,0.291585473870682,24
SUVENPHAR,152613306.35833332,9896.0,479.54403582136035,0.39681133746678476,0.2602302922940655,24
NOCIL,150763466.20000032,12232.5,239.88993473721962,0.3312666076173605,0.18821966341895485,24
BLS,150528295.87083533,20612.5,230.74966422946665,0.2909654561558902,0.3011514614703278,24
CCL,150426969.92916638,13531.0,452.6952795768881,0.30336581045172717,0.27705934455270154,24
CYIENT,147810145.5416665,15582.0,812.4268089704282,0.3228520814880425,0.20531443755535872,24
CENTURYTEX,147773336.82916647,6970.5,815.4479926628396,0.32418069087688217,0.220814880425155,24
APLLTD,146962021.79999986,7733.5,708.0365389426031,0.36802480070859167,0.3403011514614704,24
SUBEXLTD,146946162.12499985,7500.0,32.48434406951673,0.4003542958370239,0.21337466784765277,24
TIRUMALCHM,146933193.17500016,7644.5,230.36384451098616,0.38352524357838796,0.2854738706820195,24
METROBRAND,145793843.06666696,9293.5,607.5244503783289,0.34720992028343667,0.21558901682905224,24
WELSPUNIND,145743691.97916624,11358.5,77.26112894305825,0.3742249778565102,0.2474756421612046,24
ISEC,143983013.2541667,13414.0,510.4265981702101,0.34012400354295835,0.17847652790079716,24
AJANTPHARM,143524531.07500052,6834.5,1302.29572889868,0.412311780336581,0.30504871567759073,24
NH,143124481.71666637,11105.0,710.1610329626812,0.3392382639503986,0.2480956598759965,24
JBCHEPHARM,143045151.0416671,6509.0,1741.005120094727,0.33170947741364043,0.2910540301151461,24
UFLEX,141433374.42916635,4854.5,601.7758413813206,0.49822852081488045,0.14862710363153236,24
CEATLTD,141293906.87916666,7584.5,1197.6712342766164,0.35606731620903453,0.24508414526129324,24
PNBHOUSING,140804406.67916676,7203.0,385.50054926396695,0.4189548272807795,0.21612046058458811,24
PCBL,140573118.38750005,9635.0,128.91215512722442,0.37333923826395043,0.12648361381753764,24
IOLCP,139264088.63333318,8563.0,369.0503767374272,0.3963684676705049,0.28786536758193093,24
OLECTRA,138127632.06250003,7394.5,602.7573940835587,0.3693534100974314,0.15296722763507528,24
GAEL,137626173.90416613,11553.5,273.04966996670066,0.3857395925597874,0.2975199291408326,24
RELIGARE,137176667.55416664,7531.5,131.93157279031956,0.3724534986713906,0.16173604960141724,24
ANANTRAJ,136926735.90833253,6975.0,75.61322566796409,0.3954827280779451,0.2828166519043402,24
JKLAKSHMI,135384709.70000002,7561.5,466.5750274132006,0.32683790965456155,0.32666076173604963,24
FINCABLES,135321245.65833318,7641.5,446.9588540892978,0.437555358724535,0.19822852081488035,24
NATCOPHARM,134718683.1708334,7117.0,653.9534681333458,0.37688219663418954,0.15899025686448187,24
AVANTIFEED,134406935.9958339,9503.5,441.02945512750364,0.41629760850310005,0.3398582816651905,24
PNCINFRA,133361116.20833272,6251.5,257.0211100512083,0.4490699734278122,0.2646589902568645,24
BAJAJELEC,132382507.6541668,10127.5,1096.1669454352436,0.3175376439326838,0.24100974313551815,24
BLUEDART,132306429.51249951,4503.0,7494.106982363142,0.3379096545615589,0.2952170062001772,24
PGHH,131343470.74166663,1602.5,14088.104813164748,0.3649247121346324,0.3407440212577502,24
GOKEX,130147060.68750004,9731.5,362.16559014543907,0.316651904340124,0.22630646589902575,24
ALKYLAMINE,128876577.10833307,6609.5,2896.0774942474154,0.3675819309123118,0.23215234720992034,24
RATEGAIN,126381042.45000024,8615.0,295.7671337834696,0.3985828166519043,0.2642161204605845,24
TTKPRESTIG,124874602.25833265,6660.5,846.6817444233441,0.4805137289636847,0.21009743135518155,24
BESTAGRO,123788409.50416672,4366.5,948.5309807877392,0.40744021257750224,0.3232949512843224,24
CRISIL,123743304.6375,5109.0,3116.749314300916,0.40699734278122235,0.24729849424269262,24
GMMPFAUDLR,123297615.8708333,8702.5,3105.1273831229896,0.3808680248007086,0.13259521700620025,24
MOL,123211109.22083323,8077.0,115.54114866284453,0.3671390611160319,0.2759078830823738,24
HGS,122515746.84166676,4056.5,1249.0731311859995,0.466784765279008,0.34092116917626214,24
GPIL,121421629.13333331,5727.5,299.0463454487192,0.3799822852081488,0.208414526129318,24
CREDITACC,121381889.82083338,7474.0,959.9434318175121,0.3892825509300266,0.2366696191319752,24
AIAENG,120903584.01666619,6255.5,2274.630882069419,0.3489813994685562,0.2651018600531444,24
SOLARINDS,120057570.64166643,5810.0,2797.868385069235,0.3662533215234721,0.24340124003542962,24
ARVIND,118781742.99166696,7101.0,96.90872165577287,0.4034543844109832,0.1856510186005314,24
TNPL,118155794.75000006,7242.5,220.3195360679102,0.3418954827280779,0.30318866253321525,24
MOREPENLAB,117870131.40833366,5227.5,37.62310272726839,0.5504871567759079,0.3356953055801595,24
CASTROLIND,116632082.02916634,12191.5,112.9582623649387,0.3432240921169176,0.1566873339238264,24
SWSOLAR,116583123.83750017,7164.5,312.4126888516122,0.3627103631532329,0.27325066430469436,24
SCHNEIDER,116202608.45000015,7309.5,123.51911006811292,0.40832595217006196,0.27050487156775915,24
THERMAX,115145532.81666674,7161.0,2046.5375133564255,0.3640389725420726,0.1785651018600532,24
BIRLACORPN,114644923.66249986,6830.0,979.4963768419636,0.39415411868910544,0.2217006200177148,24
GOLDBEES,113368052.91916825,12222.0,43.950601220045044,0.3728963684676705,0.1069973427812223,24
SUMICHEM,113313021.39583306,9689.5,439.58576258581,0.34853852967227633,0.19123117803365813,24
AMIORG,111799971.97916673,7245.0,947.4250983891867,0.39946855624446415,0.27112488928255096,24
BAYERCROP,111240566.15833391,2505.0,4824.921332047552,0.4991142604074402,0.2875996457041631,24
CARBORUNIV,111184204.22916639,8414.0,818.2247952237653,0.36359610274579274,0.12595217006200182,24
KEC,111082112.8125002,10796.5,423.282893382142,0.4065544729849424,0.21266607617360495,24
TEXRAIL,110771875.76250023,5806.5,43.594790482416926,0.44862710363153235,0.2638618246235606,24
ELECON,110693263.95833336,8978.5,299.8858950635241,0.3892825509300266,0.2170062001771479,24
BFUTILITIE,110038391.0791667,5862.0,378.87310658177387,0.47032772364924713,0.25287865367581935,24
GATI,107913563.82499981,7293.0,163.68684656097216,0.4171833480956598,0.3093002657218778,24
SONATSOFTW,106760499.51249999,5336.0,690.2757754750459,0.42559787422497786,0.34844995571302045,24
PRICOLLTD,106370549.19166689,6276.5,142.63727606315865,0.3804251550044287,0.18104517271922055,24
SANOFI,106256358.97499995,3204.5,6405.086311048271,0.4295837023914969,0.19725420726306464,24
RALLIS,105045095.24166696,6748.0,235.00356002096476,0.49114260407440213,0.28042515500442866,24
RAJESHEXPO,104545026.6833334,9970.0,640.4141261683394,0.3777679362267493,0.28786536758193093,24
CARERATING,104464582.10416706,2992.0,506.83475087084264,0.6009743135518157,0.22816651904340135,24
MON100,104414174.93749996,6781.0,97.38994947108387,0.3848538529672276,0.18857395925597875,24
CSBBANK,104409959.57916588,4307.5,218.8062309413075,0.5677590788308238,0.32302922940655443,24
SPARC,104213203.89999996,5914.5,232.20867160035255,0.39326837909654566,0.229140832595217,24
JISLJALEQS,103550665.19583364,5140.0,37.3683961287475,0.39902568644818426,0.145881310894597,24
SAPPHIRE,103130641.10416692,7155.0,1318.737115357788,0.370682019486271,0.19344552701505757,24
CHEMPLASTS,101708610.45416673,6590.5,468.40767306892945,0.4526129317980514,0.30496014171833485,24
ENGINERSIN,100926750.02083308,4786.0,65.78827817326228,0.5194862710363153,0.27945084145261295,24
PRINCEPIPE,100526186.78749986,9656.0,597.7162285446248,0.4180690876882197,0.16492471213463245,24
KNRCON,100499789.74583347,10810.5,251.00697719220997,0.43401240035429584,0.16536758193091228,24
HEMIPROP,99513078.15000017,5634.5,105.94839519825615,0.45394154118689106,0.3274579273693534,24
EQUITAS,98885655.14583318,11432.0,103.79061539166773,0.4379982285208149,0.25642161204605846,24
CARTRADE,97953920.91250019,7907.0,596.2245112593016,0.41186891054030117,0.3325952170062002,24
ACE,96450239.7166667,8501.5,232.53883863659138,0.395925597874225,0.25057573073516376,24
MHRIL,96013497.42499995,6792.0,240.69166634642505,0.4455270150575731,0.17192205491585472,24
BRIGADE,95781362.91249992,7968.0,482.30689169421055,0.38042515500442875,0.20708591674047827,24
VARROC,95772182.22083348,8612.5,336.42447255587206,0.4446412754650133,0.27023914968999124,24
VGUARD,95577401.05416696,6782.0,226.67763441182385,0.42294065544729853,0.3439326837909655,24
PITTIENG,95367049.18333314,5460.0,305.3415218325191,0.5132860938883967,0.2938883968113375,24
ECLERX,94574391.20000003,3084.0,2138.7283262065557,0.5504871567759079,0.33923826395039863,24
EIHOTEL,93264472.45833325,6154.0,156.9936841318189,0.4450841452612932,0.3465013286093888,24
FIEMIND,92219684.57083297,4776.5,1394.4326420824,0.4561558901682905,0.2704162976085031,24
SPICEJET,91971382.78749923,6305.5,43.6444070098603,0.42205491585473875,0.2445527015057573,24
CERA,89751084.23750003,3939.5,4628.560478099094,0.4317980513728964,0.20965456155890172,24
LAOPALA,89739999.94583358,8361.0,342.66823542435105,0.43401240035429584,0.30115146147032773,24
ROSSARI,88740049.82083322,4634.0,909.342152659735,0.562444641275465,0.26536758193091226,24
TCNSBRANDS,88581875.8458333,2621.0,598.4201641193686,0.7134632418069088,0.33737821080602304,24
INDIAGLYCO,85496026.70833348,6342.0,842.734530029697,0.3773250664304694,0.29397697077059337,24
RKFORGE,85473457.6208333,5650.5,188.83928104684892,0.429140832595217,0.3187776793622675,24
MSTCLTD,84145495.70833336,7110.0,283.72093256278526,0.4424269264836138,0.2179805137289637,24
GODREJAGRO,83389756.01249996,5931.0,505.88675172568236,0.5434012400354296,0.2860938883968114,24
JPASSOCIAT,82285515.4083341,6931.5,9.24373014102291,0.4092116917626218,0.320726306465899,24
CONFIPET,81617044.57916705,5784.5,67.72461778885162,0.5177147918511957,0.3314437555358724,24
GPPL,81292653.46666709,8291.0,86.1604020649564,0.4366696191319752,0.26749335695305587,24
IPL,78865144.47916615,3492.0,278.5584519273947,0.5797165633303809,0.333835252435784,24
MOTILALOFS,77775305.1416667,4542.0,776.3219985174626,0.44641275465013286,0.21293179805137286,24
VINATIORGA,77245734.26250021,4544.0,2011.4746648098285,0.4508414526129318,0.15128432240921175,24
ORIENTELEC,77135457.10416676,5561.0,274.35272197997017,0.49867139061116034,0.3494242692648361,24
TEAMLEASE,75758510.84583329,3993.0,3322.177165917973,0.4419840566873339,0.2765279007971657,24
VMART,75435441.0083333,5398.5,2967.6277856265788,0.45792736935341005,0.26182462356067315,24
3MINDIA,75269563.25416668,1740.5,22496.72127133858,0.47475642161204606,0.2556244464127546,24
CIGNITITEC,74108998.93749978,3631.0,519.3542698429841,0.46811337466784764,0.18051372896368473,24
SUNDRMFAST,73920593.9708334,6316.5,836.6366515870853,0.4273693534100974,0.2601417183348096,24
KALPATPOWR,72847227.04166651,5583.5,380.75289970487404,0.5385296722763507,0.32010628875110714,24
PARAS,72216529.49583317,6216.0,626.7863033551251,0.4610274579273693,0.17661647475642156,24
JINDALSAW,72082852.27916677,6199.5,86.74614304288727,0.46147032772364927,0.15934455270150577,24
LAXMIMACH,71906551.28749993,1500.0,10530.201176298615,0.5230292294065544,0.3488928255093003,24
TARSONS,71680272.09583366,6588.5,709.358241462904,0.4951284322409212,0.25022143489813997,24
RTNINDIA,71429292.42916672,6884.5,46.2151287329244,0.4769707705934455,0.1813994685562444,24
INFIBEAM,70989218.62083338,4801.5,15.473711477548996,0.5199291408325952,0.2371124889282551,24
BLUESTARCO,70691627.43333338,6412.5,1085.289691076985,0.4685562444641276,0.29663418954827286,24
ASHOKA,70233117.81666665,7585.0,77.32380269845838,0.4619131975199291,0.2217006200177149,24
APTUS,69015604.7625001,5553.0,317.51138553245346,0.5314437555358724,0.24092116917626222,24
SETFNIF50,68410403.82916676,2095.0,175.43235292360487,0.4641275465013286,0.2093888396811338,24
KOLTEPATIL,67768759.87083326,5182.0,277.1984413453493,0.4610274579273694,0.25287865367581924,24
DCMSHRIRAM,67668716.43750004,5333.5,993.4262104202869,0.42515500442869797,0.258547387068202,24
FORCEMOT,67391696.39166681,4762.5,1190.545021803072,0.5190434012400355,0.32099202834366697,24
MOLDTKPAC,67235028.80833332,6180.0,786.698375935293,0.5155004428697962,0.23799822852081481,24
SBCL,66196209.275000066,5169.0,426.30245034825964,0.6567759078830824,0.24658990256864477,24
HIMATSEIDE,65910519.00000004,5376.0,111.21772957312007,0.6058458813108947,0.3198405668733393,24
EKC,64688172.775000095,4068.5,163.8687454332439,0.5478299379982285,0.3447298494242693,24
ARIES,64658742.24583319,785.5,136.49057696366293,0.9238263950398582,0.23215234720992028,24
NIACL,64073708.0249998,6342.0,96.54853379450597,0.5965456155890168,0.21461470327723658,24
SUPRAJIT,64048644.520833276,7552.0,333.97648171445246,0.46767050487156775,0.18015943312666072,24
DALMIASUG,63971545.450000025,5501.0,360.9989681350439,0.5106288751107174,0.3238263950398584,24
MANALIPETC,63814785.4416666,5554.5,97.03363242957035,0.5093002657218778,0.3037201062887511,24
STOVEKRAFT,63146442.53749999,5685.5,619.4239313049984,0.5035429583702391,0.20115146147032764,24
FINPIPE,62867594.558333375,7243.5,149.75551042699357,0.48804251550044286,0.18529672276350762,24
ZYDUSWELL,62599456.29583338,3609.5,1576.446286775641,0.5606731620903453,0.2968999114260407,24
SANSERA,62371655.38333347,6719.0,714.7389682566109,0.5310008857395925,0.33073516386182467,24
AMBIKCO,62147540.60833331,4748.0,1720.0209767193885,0.5075287865367581,0.2573959255978741,24
HATHWAY,62051897.304166645,3400.5,17.006868315993366,0.5757307351638619,0.24118689105403013,24
BECTORFOOD,61791695.48333309,4497.5,336.8972470820215,0.504428697962799,0.2672276350752878,24
SETFGOLD,61437967.35583333,1213.5,45.199011859088046,0.6576616474756422,0.2223206377325066,24
CENTURYPLY,60654600.16666695,6946.5,604.3795748890981,0.5270150575730734,0.2509300265721877,24
KANSAINER,60543199.224999994,4997.0,459.01173084240816,0.5544729849424269,0.23622674933569526,24
BAJAJCON,60478108.808333345,7537.5,157.63379701127838,0.46988485385296724,0.20283436669619126,24
GLAXO,60228567.8083333,3778.0,1479.551663173351,0.5048715677590788,0.30177147918511954,24
THYROCARE,60057503.31250003,5137.0,643.3577260658425,0.4991142604074402,0.2779450841452613,24
VENKEYS,60041618.67916667,3864.5,1997.2808292677742,0.5212577502214348,0.2306465899025687,24
TCIEXP,57496015.50833323,3722.0,1802.6541425708124,0.6505757307351638,0.2889282550930026,24
WABAG,57066907.42083334,7366.0,275.3032368138515,0.5062001771479185,0.18919397697077056,24
LGBBROSLTD,56733004.53333324,4111.5,679.8483814233083,0.5190434012400355,0.27989371124889295,24
SIYSIL,56430931.62916663,4824.5,494.76704914283545,0.6018600531443756,0.26315323294951276,24
KIRIINDUS,56128513.07500001,3558.0,487.61116248249095,0.5434012400354296,0.26226749335695304,24
JAGSNPHARM,55591137.100000314,2266.5,314.76723393081465,0.7511071744906997,0.27918511957484504,24
JSLHISAR,55091165.64583334,6768.5,303.89108232286003,0.4685562444641276,0.2065544729849424,24
BEPL,54975193.99583339,3700.5,113.30328005318269,0.6058458813108946,0.3143489813994685,24
JMFINANCIL,54413975.662499994,4609.5,67.30141776398577,0.508414526129318,0.22037201062887518,24
SHYAMMETL,54084089.18333334,4047.5,302.299151904419,0.49468556244464124,0.3354295837023915,24
JUNIORBEES,53904652.849166654,4378.0,438.24011816580264,0.5053144375553588,0.20354295837023917,24
GENUSPOWER,53560262.316666685,5073.5,79.67967826730151,0.4951284322409212,0.30752878653675825,24
SHILPAMED,53259345.800000034,3890.0,402.0400358566843,0.5482728077945084,0.19087688219663412,24
MARKSANS,52730631.18333337,4616.5,49.305713198399836,0.5385296722763508,0.2589016829052259,24
ORIENTCEM,51950759.79166672,5954.5,124.49516265440457,0.4937998228520815,0.2359610274579273,24
KSCL,51035704.662500024,4105.5,507.2655534293617,0.5478299379982285,0.18015943312666083,24
VAIBHAVGBL,50609232.19583341,8032.5,350.78883502794804,0.5093002657218778,0.17785651018600535,24
SHAREINDIA,50515002.57916665,2832.0,1243.0250817278643,0.5434012400354296,0.32559787422497793,24
JSWISPL,50417918.808333315,2974.5,29.086463863283917,0.5097431355181576,0.17812223206377337,24
JUBLPHARMA,50268723.220833115,5316.5,378.9234767016743,0.5336581045172719,0.34552701505757305,24
TCI,50032174.379166745,3755.0,688.0201903911561,0.5752878653675819,0.3300265721877768,24
INOXWIND,49927511.0,5494.0,111.90289460423645,0.5473870682019486,0.23516386182462362,24
REPCOHOME,49442175.30833303,4279.5,214.448183671,0.6062887511071744,0.2529672276350753,24
MAITHANALL,48645227.558333345,4206.5,976.7470455546127,0.5186005314437556,0.25110717449069964,24
SOLARA,48627152.208333336,4562.0,443.9885063171355,0.5354295837023915,0.1929140832595217,24
GALAXYSURF,48210750.79583337,2973.0,2939.683836474069,0.5345438441098318,0.2350752878653677,24
GODREJIND,47902140.337499954,4024.0,442.36342754670113,0.5562444641275465,0.21665190434012405,24
GARFIBRES,47538682.900000036,2590.5,3069.934300284058,0.54207263064659,0.345881310894597,24
AARTIDRUGS,46206680.06250004,4966.0,446.4713565256382,0.5518157661647476,0.21231178033658105,24
JINDALPOLY,45965864.54583326,3642.0,1020.7082309607401,0.5336581045172719,0.2298494242692648,24
EVERESTIND,45747720.17916662,3914.5,678.2907624376655,0.5823737821080602,0.20593445527015053,24
SHRIRAMPPS,45574376.11666644,2855.5,74.96533944961641,0.6461470327723648,0.21089459698848534,24
DCAL,45563655.93749994,5072.5,117.74780785332386,0.5345438441098318,0.20983170947741364,24
DREDGECORP,45552435.570833355,2703.5,316.23121539466956,0.741364038972542,0.26820194862710356,24
ICIL,45042654.16249994,5053.5,138.2046577107133,0.5961027457927369,0.22187776793622677,24
APTECHT,44764754.72916668,4171.5,305.13429321863293,0.58325952170062,0.2227635075287865,24
DEN,44206408.08333334,2959.5,34.983796396985724,0.6594331266607617,0.2154118689105402,24
TATAMETALI,44060260.879166685,4055.0,738.2048630477644,0.5367581930912312,0.16359610274579273,24
SURYAROSNI,43976750.57083332,5186.0,444.91228525739996,0.5292294065544729,0.19734278122232063,24
RUSHIL,42417730.22916666,2511.5,436.75642760698895,0.6882196634189548,0.3130203720106289,24
WONDERLA,42085977.85833334,7149.0,238.54196742092114,0.5318866253321524,0.2581045172719221,24
ICICINIFTY,41148051.66583375,3314.0,184.6255346786241,0.5717449069973428,0.31860053144375555,24
PENIND,40702569.720833294,3267.0,41.21595101112587,0.6461470327723648,0.2864481842338352,24
SATIA,40686130.07499995,3967.5,121.98346277919839,0.579273693534101,0.270682019486271,24
POWERMECH,40369294.98333327,2780.5,976.7509730997984,0.5620017714791852,0.34003542958370236,24
MASFIN,39682547.14999994,3457.5,613.9790870272991,0.6257750221434899,0.28193091231178025,24
DEEPINDS,39667480.25416697,2482.0,219.23566923138432,0.7090345438441098,0.3104517271922055,24
RML,39335215.66666656,636.5,366.773290840065,0.9353410097431355,0.3413640389725421,24
NEWGEN,39157148.02916666,4794.5,371.28163274911543,0.5828166519043401,0.2995571302037201,24
ZUARI,39146962.20416664,4905.0,155.28294764553812,0.550044286979628,0.3320637732506644,24
ASTRAZEN,38846604.71250011,1619.5,2921.8044941177623,0.6474756421612047,0.2615589016829053,24
HGINFRA,38811719.762500025,4618.5,570.5922259536594,0.5766164747564215,0.22967227635075288,24
DOLLAR,38660334.73750008,2808.0,488.95206546952386,0.616474756421612,0.31160318866253317,24
KOPRAN,38586413.21249995,3480.5,204.02671660734418,0.6390611160318866,0.26722763507528785,24
PRAKASH,38337268.57499998,4277.5,52.85250023443294,0.6124889282550929,0.2872453498671391,24
SHAKTIPUMP,38217090.36249996,3683.5,498.57693513676725,0.5717449069973428,0.27688219663418967,24
MOIL,38029418.04166665,4727.5,160.36494886467327,0.6067316209034543,0.24375553587245352,24
PANAMAPET,37567549.12083336,4130.0,291.12058833197136,0.5677590788308238,0.30540301151461474,24
HEIDELBERG,37481404.745833345,3046.5,190.541642431035,0.6430469441984057,0.24614703277236488,24
MANINFRA,37129676.691666655,3752.5,89.12328603936703,0.5859167404782993,0.2954827280779451,24
KRSNAA,36687486.09999996,3834.0,512.2833160231804,0.645704162976085,0.29052258635961026,24
TATVA,36565224.05416668,2165.5,2306.957243894991,0.6607617360496014,0.32976085031000885,24
PPL,36531695.78750035,2216.0,167.19496987135116,0.7630646589902569,0.258635961027458,24
KKCL,35854215.71666676,3764.5,292.6696696457109,0.5752878653675819,0.3357838795394154,24
ELECTCAST,35394143.02500003,2660.5,38.327323361059854,0.5686448184233835,0.2527900797165633,24
RSWM,35138747.73333332,4177.0,396.8443146083395,0.574844995571302,0.24162976085030996,24
SANGHVIMOV,34928731.525000006,4125.5,226.4294164337656,0.6443755535872453,0.3472984942426927,24
AUTOAXLES,34741984.21666668,2753.5,1775.8632258595262,0.5868024800708591,0.3300265721877768,24
CAPACITE,34728553.47083334,4106.5,138.49966158762484,0.6408325952170062,0.26368467670504875,24
KHAICHEM,34675599.63750008,4826.0,92.00521464449605,0.6240035429583702,0.2528786536758193,24
CENTENKA,34586771.92500001,4366.5,444.12842956212296,0.5686448184233835,0.24331266607617363,24
CHEMCON,34447321.77916665,4467.0,313.716054889695,0.6213463241806909,0.33587245349867145,24
3IINFOLTD,34409344.31249992,3988.0,44.98373997038016,0.6585473870682019,0.32010628875110725,24
TARC,34383034.104166634,2912.0,40.27234036616237,0.6093888396811338,0.2684676705048716,24
POKARNA,34143554.295833424,3001.5,501.13572964463265,0.5761736049601418,0.30292294065544734,24
HATSUN,33534564.229166657,3823.5,983.6114055354986,0.5890168290522586,0.26873339238263944,24
THOMASCOOK,33267625.879166678,3459.5,70.0636146701714,0.6191319751992914,0.2352524357838796,24
GUFICBIO,33093313.15416662,4124.5,220.18455823971317,0.6160318866253321,0.2442869796279894,24
SHK,33052362.16666663,1977.0,140.22109245361355,0.7657218777679362,0.27271922054915854,24
GLS,32696667.820833314,3929.5,439.5491195280864,0.6341895482728077,0.25544729849424264,24
HCG,32541615.23333335,3092.0,275.1973578056742,0.5677590788308238,0.29087688219663416,24
SURYODAY,32531945.750000004,2603.5,100.63109889970556,0.6594331266607618,0.32125775022143477,24
AJMERA,32307089.162500188,2572.5,284.4440706073617,0.7679362267493357,0.28042515500442877,24
TATASTLLP,31895436.90416665,3554.5,629.4965123337965,0.5983170947741364,0.2767050487156776,24
FDC,31831667.70416668,4631.5,265.73127342869986,0.5854738706820195,0.25075287865367585,24
POLYMED,31809524.61666669,3425.0,857.3515809233368,0.6324180690876882,0.341895482728078,24
IIFLSEC,31447248.054166663,3576.0,71.32856180628369,0.6705048715677591,0.3126660761736051,24
HIL,31436357.46666667,1861.0,3516.2073280133077,0.6062887511071744,0.3282550930026572,24
HERANBA,31080261.129166666,3232.0,555.3409829851959,0.6195748449955713,0.15332152347209915,24
KESORAMIND,30907527.870833326,3090.0,54.50233809964889,0.6111603188662533,0.22604074402125773,24
PGHL,30706848.454166677,1913.0,4210.2579784013615,0.6426040744021257,0.23418954827280775,24
SUDARSCHEM,30623280.55833332,3065.5,454.4648665057705,0.6687333923826395,0.29521700620017705,24
HERITGFOOD,30449048.879166674,3048.5,315.41591495764163,0.6426040744021257,0.2040744021257751,24
DATAMATICS,30376058.09583332,2842.5,300.5546012299184,0.604517271922055,0.17767936226749337,24
ADVENZYMES,30314387.308333334,2701.5,281.497453587526,0.7116917626217891,0.33197519929140834,24
CENTUM,30109663.379166905,777.0,465.743023548977,0.9273693534100974,0.2751107174490699,24
BBL,30091158.466666643,2099.5,1818.9570254982816,0.6576616474756422,0.31293179805137294,24
SJS,30087533.754166678,3158.5,443.2744926221335,0.6829052258635961,0.2656333038086803,24
ZENTEC,29744197.51250003,3282.5,195.66154646771287,0.62488928255093,0.19999999999999996,24
FAIRCHEMOR,29540831.854166675,3580.0,1576.5227008118886,0.6421612046058458,0.2581045172719221,24
NEOGEN,29398088.008333385,3826.5,1460.6971335076357,0.629760850310009,0.2134632418069088,24
ARIHANTSUP,28863503.804166656,2147.0,171.16469069723655,0.6563330380868024,0.3155004428697963,24
SIGACHI,28418521.474999975,3629.5,270.7925171125655,0.6908768821966342,0.299822852081488,24
GANECOS,27841482.962500006,1896.5,650.222078265646,0.6740478299379982,0.31647475642161205,24
20MICRONS,27804149.7125001,3020.0,90.14011840080053,0.7404782993799823,0.2978742249778564,24
BHARATRAS,27792223.25833334,719.0,11590.237073142272,0.6793622674933569,0.21222320637732506,24
PARAGMILK,27417874.550000012,3718.5,102.53927027753187,0.6191319751992914,0.17936226749335693,24
EXPLEOSOL,27241907.874999944,2782.5,1325.6802484498053,0.6820194862710363,0.3046058458813109,24
RAMCOSYS,26889847.991666645,3982.5,272.79169440852866,0.6399468556244464,0.3472099202834366,24
SALZERELEC,26628521.07916674,2642.5,216.76925733746407,0.7302922940655447,0.2687333923826395,24
TNPETRO,26555997.037499998,3348.0,97.7819864990667,0.712577502214349,0.29849424269264835,24
RANEHOLDIN,26532187.31250012,1221.5,653.606865159645,0.8144375553587246,0.25748449955713026,24
GOLDIAM,26359163.75416674,2988.5,140.7821037547567,0.6868910540301152,0.2286093888396813,24
KENNAMET,26198372.24583337,2387.5,2125.3248965744087,0.6448184233835252,0.34366696191319746,24
PRIVISCL,26112381.28333333,2213.5,1378.4761429485854,0.6616474756421612,0.245615589016829,24
MAYURUNIQ,25891096.74583331,3594.0,424.8264516602331,0.6488042515500443,0.2652790079716564,24
ASALCBR,25687448.104166653,2159.0,444.30852526673164,0.7595217006200177,0.14844995571302044,24
GNA,25475740.137500018,2804.0,561.1498494461446,0.6882196634189548,0.2069973427812224,24
BALMLAWRIE,25405967.012499977,3106.5,117.23948459285866,0.6895482728077945,0.15969884853852967,24
IMFA,25338257.84166664,2839.5,278.08490014196474,0.6935341009743136,0.30079716563330383,24
COASTCORP,24913698.349999983,2612.0,312.78599319241994,0.7626217891939769,0.349867139061116,24
SELAN,24798607.37916668,1808.5,201.91591973444446,0.7630646589902569,0.3393268379096545,24
BGRENERGY,24442436.774999972,2006.0,74.05082108298538,0.7688219663418955,0.3361381753764393,24
GEOJITFSL,24425386.058333397,3802.0,50.502981043582125,0.6992914083259522,0.2356953055801594,24
AWHCL,24274124.358333305,3368.0,301.255200345258,0.6603188662533215,0.24393268379096544,24
SAKSOFT,24127183.84166668,3103.5,822.0605513178689,0.7152347209920283,0.24703277236492482,24
DYNAMATECH,24028141.16666667,1008.0,2154.0295214035086,0.8033658104517272,0.13711248892825512,24
BODALCHEM,23935239.124999955,3379.0,90.96160228524914,0.6643046944198405,0.16855624446412754,24
SUNDARMHLD,23608494.979166765,969.0,78.29781387466613,0.8631532329495128,0.23516386182462357,24
GICHSGFIN,23300050.2,1736.5,136.0969398442639,0.79185119574845,0.3454384410983171,24
SOTL,22493424.379166707,1590.0,1043.2057699683935,0.8082373782108061,0.2744906997342781,24
ESTER,22117680.558333337,2466.5,136.50594684145014,0.7068201948627104,0.2541186891054029,24
HPL,22082036.604166735,2236.0,66.72808108948655,0.8848538529672276,0.2989371124889283,24
APEX,21768183.591666635,2768.0,287.8094032298187,0.6922054915854738,0.1945969884853852,24
IGARASHI,21613776.237500053,2835.5,363.57070906954766,0.7302922940655447,0.27838795394154126,24
RGL,21499439.562499978,1275.5,347.2840610422164,0.6802480070859167,0.25766164747564213,24
GIPCL,21446740.037500028,3385.5,82.41599940321473,0.7112488928255094,0.25881310894596976,24
AKZOINDIA,21264375.749999996,1121.5,1936.6291136610348,0.7488928255093003,0.2665190434012401,24
CANTABIL,21249421.21250002,1086.0,1120.858029599524,0.66696191319752,0.2714791851195749,24
ISGEC,21125585.099999983,3179.5,501.2571730466638,0.6718334809565988,0.21948627103631535,24
GPTINFRA,20937915.24999996,612.5,83.09135475792301,0.9486271036315324,0.18697962798937107,24
AMRUTANJAN,20903313.112499993,2619.0,779.9272122547372,0.7564216120460585,0.23551815766164752,24
XCHANGING,20899163.204166684,2595.0,76.03966524042326,0.6948627103631533,0.316917626217892,24
KCP,20506310.408333354,2344.0,114.76523786955012,0.7550930026572187,0.28272807794508414,24
MMFL,20426969.525000013,2353.5,832.357841912788,0.6563330380868024,0.2441984056687334,24
ASHAPURMIN,20378419.7,2927.0,103.23594565701242,0.6767050487156776,0.20637732506643047,24
ADSL,20209368.658333328,2720.0,116.40877567972922,0.7630646589902569,0.3426040744021258,24
GANESHBE,20188597.887500007,2308.0,124.01601594620786,0.6806908768821966,0.3383525243578387,24
MAHSCOOTER,20065804.529166672,1035.5,3855.1145017511963,0.6966341895482728,0.19486271036315328,24
SPAL,20007257.529166684,2701.5,388.57422904170585,0.7183348095659876,0.26988485385296723,24
AURIONPRO,19906718.62916665,1996.0,327.6136446056806,0.7050487156775908,0.20788308237378217,24
RPGLIFE,19891060.55833332,2398.5,615.4000107847548,0.7528786536758193,0.296102745792737,24
UGROCAP,19772168.09166666,2781.0,172.38435294253776,0.6860053144375553,0.2491585473870681,24
VSTIND,19701161.850000013,1112.0,3177.64229067956,0.7661647475642162,0.23587245349867136,24
MCLEODRUSS,19667223.48333332,1706.0,24.39648332467815,0.6873339238263951,0.32798937112488924,24
MAXVIL,19654547.12916667,2302.0,113.21197465885474,0.7581930912311781,0.2600531443755536,24
SUVEN,19475487.416666664,2644.5,71.25843488963686,0.7139061116031886,0.19282550930026576,24
ESABINDIA,19424503.40833332,1229.0,3320.6154081925224,0.7546501328609388,0.30132860938883965,24
GANESHHOUC,19412689.44166665,1169.0,300.8535196729431,0.7391496899911426,0.32878653675819325,24
MOLDTECH,19117162.84583326,1256.5,94.03734196758762,0.9388839681133747,0.27697077059344555,24
TECHNOE,19107030.05416667,2596.5,283.7006013179197,0.6780336581045172,0.16182462356067318,24
SHIVALIK,18904305.62083333,716.0,840.4757278034951,0.9021257750221434,0.1954827280779451,24
NCLIND,18871675.629166674,2146.0,177.7011396677036,0.7232063773250664,0.1687333923826395,24
JINDRILL,18772280.416666668,2267.5,234.11182958416083,0.7143489813994686,0.20141718334809555,24
DHANUKA,18640875.325000007,2679.5,701.3310446621379,0.7010628875110718,0.24844995571302042,24
FMGOETZE,18223150.462500006,1158.5,285.2657923641198,0.733392382639504,0.20540301151461482,24
PURVA,18200780.733333327,3281.0,95.85788263638923,0.7347209920283436,0.19627989371124888,24
VISAKAIND,18152180.499999993,1339.0,545.6657059461567,0.7356067316209034,0.2814880425155003,24
CONTROLPR,18131517.870833237,990.5,427.2996828669352,0.8272807794508414,0.28999114260407444,24
SNOWMAN,17742001.791666687,2318.5,35.27889315962091,0.7152347209920283,0.27059344552701503,24
PRITIKAUTO,17730597.93333326,617.5,15.826488115812348,0.9619131975199291,0.28334809565987606,24
RSYSTEMS,17656330.270833213,1467.5,236.27851520547327,0.8596102745792737,0.25234720992028337,24
HTMEDIA,17495669.637500018,1606.0,21.64048192642617,0.8405668733392382,0.303985828166519,24
GEECEE,17074489.754166692,863.0,146.00769064445706,0.9703277236492471,0.25952170062001767,24
INFOBEAN,16910784.34583332,1402.0,600.1570579580135,0.771036315323295,0.2858281665190433,24
GULFOILLUB,16880236.225000013,1741.0,427.46411457560293,0.8029229406554473,0.2427812223206377,24
ADFFOODS,16850825.300000016,1499.0,728.7793516823947,0.7825509300265722,0.3489813994685562,24
INTLCONV,16826807.633333318,2295.0,60.066027215222675,0.7909654561558902,0.32444641275465014,24
NATHBIOGEN,16825185.624999993,865.5,181.20310579605666,0.8976970770593445,0.23596102745792735,24
SOMANYCERA,16740552.625000002,3789.5,599.3407390686955,0.7276350752878653,0.24986713906111602,24
GLOBE,16363318.041666657,1330.0,7.0085572817953885,0.8680248007085917,0.29335695305580156,24
SREEL,16260561.379166713,805.5,185.35690984307354,0.912754650132861,0.23038086802480073,24
ZEELEARN,16200216.979166642,796.0,7.081898730679543,0.9021257750221434,0.34809565987599644,24
VIMTALABS,15974891.604166677,1815.5,381.8260693680767,0.7763507528786537,0.3486271036315324,24
SHREDIGCEM,15938788.370833362,2209.5,65.78272675757778,0.8184233835252436,0.21470327723649252,24
MUKANDLTD,15875193.320833376,772.5,114.12092785611492,0.8999114260407439,0.2923826395039858,24
ICICIB22,15325102.261666643,1106.5,49.5049146689259,0.8609388839681134,0.23463241806908763,24
BLISSGVS,15246928.183333324,1611.0,74.84114857366376,0.8441098317094775,0.33675819309123123,24
EXXARO,15245192.537500022,2161.5,110.92230040838093,0.8206377325066431,0.30566873339238265,24
SHARDAMOTR,15239421.624999998,1538.5,762.9521047220412,0.7705934455270151,0.2291408325952169,24
KOTAKGOLD,15157317.26916782,712.0,44.08103932506472,0.7409211691762622,0.20194862710363148,24
KDDL,15092691.195833355,1655.0,945.1719078266783,0.7555358724534986,0.349955713020372,24
VENUSREM,15067030.275000023,2991.5,219.24487450691393,0.7736935341009743,0.24224977856510188,24
JCHAC,15035302.545833332,1735.5,1545.3496615239658,0.7838795394154119,0.22285208148804247,24
SHALBY,14986922.337500004,2488.5,128.37632846489058,0.7883082373782109,0.1788308237378211,24
KOTHARIPET,14956823.404166667,1299.5,81.18143797607675,0.8184233835252436,0.34216120460584587,24
VINDHYATEL,14935933.875,1579.0,1150.682123444435,0.7945084145261293,0.24960141718334805,24
SAGCEM,14923163.325000001,1857.0,212.65537659140318,0.7980513728963685,0.19565987599645707,24
HESTERBIO,14916594.562499983,633.0,2161.072727097938,0.79185119574845,0.3137289636846766,24
VSTTILLERS,14908782.550000003,1162.0,2481.9756261559237,0.8387953941541186,0.2937998228520815,24
PUNJABCHEM,14873738.875,1134.5,1258.191264284596,0.7581930912311781,0.23365810451727198,24
UFO,14723952.425000012,2166.0,99.49736022361972,0.7821080602302923,0.2378210806023029,24
SHREEPUSHK,14704560.587500006,2357.0,235.4457183236961,0.7444641275465014,0.14251550044286976,24
SMARTLINK,14677160.545833318,506.0,128.79965300575577,0.9805137289636847,0.20593445527015053,24
ORICONENT,14570528.604166694,636.0,29.610723273683796,0.9486271036315324,0.09424269264836149,24
TBZ,14480608.174999973,2489.0,71.86073671646557,0.8480956598759964,0.29911426040744016,24
ICICIGOLD,14290034.059166824,2683.0,45.135149742016765,0.8193091231178034,0.3367581930912311,24
MANGLMCEM,14246900.895833382,921.0,345.2862208894537,0.7688219663418955,0.31284322409211707,24
NAHARCAP,14114626.395833382,1924.5,401.2922203486799,0.7790079716563331,0.27705934455270154,24
DYNPRO,13989971.495833332,1774.5,433.5289840039234,0.7559787422497786,0.257661647475642,24
INDNIPPON,13966586.291666629,989.0,420.3161302043182,0.8418954827280779,0.22834366696191322,24
MANINDS,13961275.649999985,2162.5,88.20518173824551,0.79140832595217,0.22152347209920298,24
SUNCLAYLTD,13830345.791666659,804.5,4359.220305511622,0.8077945084145262,0.2936226749335694,24
UNIDT,13723867.245833308,1494.5,401.8882184584031,0.8055801594331267,0.28981399468556246,24
SUULD,13585234.099999994,1082.0,62.635986722426175,0.7666076173604961,0.29202834366696195,24
MANAKSTEEL,13536542.475000009,450.0,37.95669417489651,0.9747564216120461,0.23728963684676707,24
EMAMIPAP,13400889.079166666,1419.0,158.07888664784136,0.8547387068201948,0.2356953055801595,24
SASTASUNDR,13388094.979166664,808.0,306.22313705683706,0.870682019486271,0.16067316209034543,24
RPSGVENT,13363448.304166667,1486.0,509.31395608646125,0.7621789193976971,0.14472984942426925,24
GMBREW,13360352.762499997,1717.5,602.4682393883154,0.7945084145261293,0.12099202834366696,24
SIRCA,13281433.512499973,1248.5,521.0973491452938,0.8095659875996457,0.2701505757307352,24
DCMSRIND,13186407.604166664,2170.0,80.21006112137295,0.7989371124889282,0.2852081488042515,24
DIAMONDYD,13173636.78333334,1289.5,784.1020837040046,0.7967227635075288,0.266696191319752,24
MUTHOOTCAP,13166411.26249999,876.5,269.3377763853783,0.8994685562444642,0.254472984942427,24
KIRLOSBROS,13116021.779166656,1478.5,320.23062136503034,0.8162090345438442,0.3276350752878654,24
ALLSEC,13086211.23333332,1242.5,510.88335083138304,0.8144375553587245,0.324623560673162,24
SANGAMIND,13025127.370833343,1323.0,279.65993715759157,0.8653675819309123,0.26979627989371135,24
AGROPHOS,12922274.058333218,916.5,35.24932159397427,0.9242692648361381,0.2773250664304694,24
WINDLAS,12883933.629166676,1020.5,227.72998603433456,0.8804251550044286,0.24162976085031007,24
PONNIERODE,12818996.895833343,794.5,247.5977909066898,0.8852967227635076,0.23587245349867136,24
PANACEABIO,12818521.895833328,1196.5,143.14455319460086,0.8224092116917626,0.2550930026572188,24
ARIHANTCAP,12778558.274999999,1172.0,78.76140567101808,0.8259521700620018,0.26049601417183355,24
VSSL,12776488.720833333,1781.5,239.40323658471863,0.824623560673162,0.24331266607617374,24
VIDHIING,12696732.666666647,1351.0,386.84331072471684,0.79140832595217,0.2477413640389725,24
EIHAHOTELS,12661982.933333332,1344.0,427.06573850684003,0.8108945969884853,0.2772364924712135,24
TIIL,12659733.204166673,1194.0,906.2613869773998,0.8175376439326838,0.28697962798937116,24
TIDEWATER,12648291.10416667,1920.5,1037.3189670423706,0.7776793622674933,0.1299379982285208,24
THANGAMAYL,12486972.095833369,784.5,1109.6875813008764,0.8928255093002657,0.17759078830823738,24
DCMNVL,12360647.650000004,1221.0,179.40923974234897,0.7719220549158547,0.22400354295837033,24
CENTRUM,12343862.291666672,1141.0,24.68479535234792,0.8472099202834367,0.3310008857395924,24
MAXIND,12250366.008333355,464.0,76.08623159504704,0.8759964570416298,0.17333923826395037,24
SPENCERS,12222516.283333324,1806.5,73.9028715169595,0.8007085916740478,0.19627989371124888,24
ALEMBICLTD,12177621.008333335,2061.0,72.37695031654778,0.8148804251550045,0.1976085031000886,24
INDTERRAIN,12147002.649999993,2128.0,58.823718578679475,0.7860938883968114,0.18990256864481836,24
RAMCOIND,11847623.595833337,1231.0,189.88422513933602,0.808237378210806,0.1643932683790965,24
SANDHAR,11828139.308333337,2219.5,230.39338490071881,0.8069087688219663,0.23666961913197526,24
JAGRAN,11827181.108333336,1608.0,66.23254766522624,0.7900797165633304,0.19025686448184242,24
TTKHLTCARE,11745388.887500033,740.5,831.6404250502812,0.87466784765279,0.34313551815766163,24
JMCPROJECT,11725500.054166669,2013.0,89.27072594009911,0.8613817537643933,0.34951284322409204,24
SMCGLOBAL,11701203.037500009,962.0,79.39569869604537,0.8622674933569531,0.28777679362267483,24
SHIVAMAUTO,11698789.924999999,1357.5,33.112122352002956,0.8339238263950399,0.32931798051372896,24
SUTLEJTEX,11499269.149999993,1585.0,67.22241472291816,0.8387953941541186,0.1357838795394154,24
TAKE,11391632.833333328,1484.5,24.307648015574046,0.8317094774136404,0.26465899025686457,24
ORBTEXP,11385999.358333325,769.5,128.78973664809865,0.8768821966341895,0.3067316209034543,24
SMLISUZU,11209690.379166665,1330.5,671.47915042049,0.8219663418954828,0.19477413640389718,24
IRIS,11130475.704166641,398.5,83.35319012941483,0.9951284322409211,0.06120460584588128,24
ARMANFIN,10925108.337500012,1300.0,1232.2486182622383,0.8135518157661648,0.22807794508414525,24
GREENLAM,10886567.708333315,1513.5,328.3827855195934,0.7900797165633304,0.2075287865367581,24
NILKAMAL,10862523.4125,919.5,2034.2161133287932,0.7940655447298495,0.266430469441984,24
NAHARINDUS,10829492.699999997,1429.0,128.09793752493036,0.824623560673162,0.28396811337466776,24
INDBANK,10775892.216666674,990.0,23.593382887376656,0.9526129317980514,0.26173604960141716,24
GET&D,10735386.599999996,1466.0,119.50350635506129,0.8675819309123118,0.24402125775022132,24
LINCOLN,10659968.158333337,2094.0,302.80269841317295,0.8135518157661648,0.20717449069973426,24
MIRCELECTR,10588615.299999995,1028.0,17.664981024534384,0.870682019486271,0.2758193091231178,24
KCPSUGIND,10517840.512500003,1499.0,24.05284713698978,0.83303808680248,0.2868024800708592,24
TEXMOPIPES,10477975.583333334,2175.5,64.39828520697955,0.8361381753764393,0.16465899025686448,24
MANORG,10443609.09999999,1342.5,584.1687000882728,0.8697962798937113,0.23259521700620023,24
RUBYMILLS,10242623.0875,931.5,354.40352354975994,0.8861824623560673,0.2471213463241807,24
GTPL,10166717.59166667,1341.0,155.74236732514723,0.8299379982285209,0.22302922940655445,24
ASHIANA,10068051.729166662,863.5,148.00187695385557,0.9149689991142604,0.1092116917626218,24
AARTISURF,9998054.02916667,1044.5,748.2484058202823,0.8498671390611161,0.19291408325952164,24
NECLIFE,9963559.141666668,1037.5,24.198364700457486,0.8954827280779452,0.23294951284322418,24
ANIKINDS,9912596.175000027,759.0,34.56280496263821,0.9340124003542958,0.18405668733392389,24
ABAN,9910181.262500012,1858.5,47.86393869686415,0.8702391496899912,0.2564216120460584,24
BALPHARMA,9876251.829166656,1111.5,96.76008949361434,0.91674047829938,0.2744021257750221,24
DECCANCE,9856038.216666674,1038.5,504.4616822232524,0.9096545615589018,0.26908768821966333,24
ALICON,9771636.924999999,1080.0,778.4151342286225,0.8356953055801595,0.18210806023029236,24
KOTARISUG,9762705.037499998,2037.5,39.71457126125304,0.8064658990256864,0.2300265721877769,24
ZOTA,9684182.83750002,529.0,285.3179044624994,0.9007971656333038,0.27413640389725424,24
AHLUCONT,9624418.862499999,995.0,437.01275733140426,0.853852967227635,0.26758193091231175,24
ANUP,9440793.987500006,1282.5,851.8231431197044,0.8525243578387953,0.22683790965456152,24
AKSHARCHEM,9439065.758333389,591.5,322.20672994378606,0.9592559787422498,0.12037201062887515,24
WHEELS,9408931.86666668,1074.0,615.9747977778879,0.870682019486271,0.26333038086802485,24
MANAKSIA,9193899.575000001,1009.0,76.25202497089046,0.8467670504871567,0.2184233835252436,24
GOCLCORP,9157471.829166675,810.0,280.60120839939225,0.854295837023915,0.2868024800708592,24
MENONBE,9153784.212500015,1380.0,90.5151451950675,0.8184233835252436,0.19867139061116035,24
SHYAMCENT,9013256.287499998,1579.0,22.111261273754593,0.8308237378210805,0.1890168290522587,24
JAYAGROGN,8885576.883333342,682.5,212.90578851322698,0.8994685562444642,0.2945969884853853,24
JAYSREETEA,8861650.412499985,1390.0,94.79480835737021,0.9069973427812223,0.19796279893711255,24
MPSLTD,8794750.274999997,1468.0,676.4777219977543,0.8379096545615589,0.14632418069087683,24
IFBAGRO,8779043.729166647,423.5,566.6872233264987,0.9495128432240921,0.17732506643046952,24
INDIANHUME,8754338.641666658,817.5,163.90132861170036,0.9034543844109832,0.20097431355181572,24
AJOONI,8702343.54166665,933.5,43.24195027278177,0.8768821966341895,0.2988485385296722,24
BINDALAGRO,8604749.366666667,1327.0,26.116126446648206,0.8928255093002657,0.23525243578387955,24
CLNINDIA,8488581.604166664,1175.5,431.76048703981144,0.8587245349867139,0.11798051372896368,24
KAYA,8468174.950000009,684.5,332.2062820791309,0.8897254207263064,0.2548272807794508,24
HMVL,8382972.100000001,1250.0,58.504630130552556,0.9016829052258636,0.23870682019486267,24
ADVANIHOTR,8281544.650000009,977.0,81.33368623754613,0.9317980513728963,0.2771479185119574,24
NRAIL,8262437.054166655,735.0,267.95760521231637,0.9149689991142604,0.20708591674047838,24
GFLLIMITED,8247218.950000013,662.5,68.13263604555326,0.9565987599645704,0.29468556244464117,24
CLEDUCATE,8221171.820833328,919.5,128.37163202784484,0.87466784765279,0.21744906997342772,24
HCL-INSYS,8164666.675000022,1445.5,16.569258944325036,0.8932683790965457,0.10611160318866253,24
5PAISA,8120297.125000005,1317.5,323.2624440866066,0.8627103631532329,0.17139061116031884,24
ONWARDTEC,8107533.674999997,594.0,291.9406478434838,0.9136403897254207,0.1982285208148804,24
KSL,7996080.037500006,1224.5,300.2580043727433,0.8777679362267494,0.13277236492471223,24
VISHAL,7909993.220833327,990.0,26.354742590863935,0.9105403011514615,0.1910540301151462,24
GTL,7859347.400000003,1203.0,8.574921118674233,0.8777679362267493,0.1301151461470329,24
GULFPETRO,7842442.862499998,1189.5,49.073369200168315,0.9043401240035429,0.2737821080602304,24
UNIVCABLES,7825891.362499997,915.0,165.45761377762392,0.8600531443755536,0.24729849424269257,24
GANGAFORGE,7789668.345833196,907.5,6.535743844196491,0.9353410097431355,0.3038086802480071,24
BASML,7788164.724999995,1290.0,56.980395540501846,0.8445527015057572,0.1803365810451728,24
ANMOL,7579106.008333323,288.0,173.2242024103686,0.9906997342781223,0.1407440212577502,24
ANDREWYU,7574448.716666664,1006.0,21.988651336154135,0.8888396811337467,0.25456155890168297,24
DODLA,7492927.699999993,1128.5,492.7853252973983,0.8813108945969885,0.15721877767936232,24
GENUSPAPER,7316197.44583333,854.0,16.956856868085552,0.8848538529672276,0.2608503100088574,24
SPLIL,7314616.487500009,1166.0,60.86928304685638,0.9286979627989371,0.19698848538529679,24
STCINDIA,7201075.437500001,1343.5,89.46801174913634,0.9065544729849424,0.29645704162976083,24
BANSWRAS,7181137.937499997,1277.5,212.48720376267843,0.8662533215234721,0.1674047829937998,24
EMKAY,7160810.3750000065,903.5,81.5829963297289,0.9619131975199291,0.16775907883082375,24
BFINVEST,7091358.620833326,772.0,283.3889126050054,0.9472984942426926,0.14782993799822852,24
INDSWFTLAB,7082629.470833324,732.5,61.30419248223301,0.949512843224092,0.1099202834366696,24
BBOX,7060307.054166664,933.5,150.09807009337084,0.9118689105403011,0.10097431355181585,24
DVL,6907538.158333334,815.0,233.3155594159261,0.9087688219663419,0.20894596988485392,24
HERCULES,6732089.633333333,1158.0,148.97058122801025,0.9171833480956599,0.19884853852967233,24
MUNJALAU,6679890.820833337,1130.5,47.34834709019735,0.9162976085031,0.17626217891939755,24
MSPL,6664895.850000002,788.5,9.819603617015417,0.9131975199291409,0.22852081488042508,24
GINNIFILA,6641147.92916667,863.0,37.86741655615013,0.9118689105403012,0.2170062001771479,24
UDAICEMENT,6579751.270833346,1353.5,31.163941289546116,0.8715677590788309,0.13950398582816648,24
ALPA,6454523.370833327,1066.0,65.0883155640356,0.9052258635961028,0.1953941541186891,24
AXISGOLD,6375521.25166668,881.0,43.87359079474079,0.95837023914969,0.29849424269264835,24
SARLAPOLY,6251619.804166664,1282.0,49.564664958648734,0.895482728077945,0.13312666076173607,24
PGIL,6230817.058333334,630.5,411.9846482811791,0.9304694419840567,0.24198405668733391,24
MAHEPC,6195760.912500008,791.0,101.9252992605969,0.9441984056687334,0.203897254207263,24
VETO,6193675.241666663,1265.5,102.64840364863244,0.9016829052258636,0.13622674933569545,24
OMINFRAL,6110331.89583332,728.0,36.28479401377176,0.9459698848538529,0.23790965456155888,24
ALPHAGEO,5765669.908333338,847.0,290.49319544738836,0.9247121346324181,0.13241806908768816,24
ASIANENE,5679036.245833334,1013.5,87.76055077159754,0.8994685562444642,0.13294951284322398,24
AYMSYNTEX,5658619.883333329,683.5,92.63682788839415,0.9548272807794509,0.21718334809565998,24
NOVARTIND,5463195.820833336,639.0,660.0627582174873,0.9198405668733391,0.09645704162976088,24
APCL,5440770.34583333,809.0,229.55216713859446,0.9069973427812223,0.13011514614703268,24
KRITI,5435866.412499995,1438.0,90.56474628327607,0.9348981399468557,0.11629760850310011,24
OAL,5382754.737500002,783.5,541.6366451806502,0.8985828166519043,0.13091231178033658,24
ASTRON,5229466.379166666,920.0,40.22379686589662,0.9402125775022143,0.13356953055801601,24
BPL,5204646.108333335,901.0,65.70361141836587,0.8972542072630647,0.08237378210806023,24
ALANKIT,5023570.933333333,661.5,11.794709722961768,0.9428697962798938,0.16040744021257747,24
CAREERP,4775236.408333336,965.0,124.16370536291886,0.9309123117803366,0.07998228520814865,24
PRAKASHSTL,4737383.837499997,1292.0,5.130667081359597,0.9233835252435784,0.12896368467670516,24
PTL,4616525.183333334,1054.5,30.678441006860297,0.9561558901682905,0.1990256864481843,24
DCM,4398747.058333333,1040.0,77.18075952463198,0.9171833480956599,0.14393268379096547,24
VARDHACRLC,4352781.6625,822.5,52.356478764471916,0.9344552701505757,0.08529672276350742,24
WATERBASE,4315635.487500002,776.5,80.17953131499311,0.9592559787422498,0.21071744906997336,24
MOM100,4155467.6125000133,861.0,31.494275869016086,0.9641275465013286,0.20496014171833488,24
OMAXAUTO,4102784.0750000053,503.0,53.78589052022721,0.9747564216120461,0.19557130203720108,24
ASAHISONG,3961983.725,738.0,292.39238206947425,0.9565987599645704,0.15172719220549147,24
BIRLAMONEY,3955136.8708333336,687.5,60.10431790706966,0.9548272807794509,0.1488042515500443,24
AIRAN,3805893.483333333,866.0,19.09148019955044,0.9534986713906112,0.10965456155890174,24
ORIENTABRA,3759625.6958333324,758.0,29.40964358982533,0.9703277236492471,0.16271036315323295,24
RPPINFRA,3522660.975000001,909.5,38.86684727470009,0.9472984942426926,0.07670504871567752,24
PASUPTAC,3186301.970833333,532.5,34.927870464898035,0.966784765279008,0.08963684676705042,24
SMLT,2670717.3208333333,433.0,108.00923931687572,0.9964570416297609,0.15899025686448187,24
AXISBPSETF,224752.3166667566,411.5,10.45783047001104,1.0,0.0007971656333037869,24
